{
  "patient_ids": [
    "AP3||CD4.Prolif",
    "AP6||CD4.Prolif",
    "AP9||CD4.Prolif",
    "CV0025||CD4.Prolif",
    "CV0052||CD4.Prolif",
    "CV0094||CD4.Prolif",
    "CV0134||CD4.Prolif",
    "CV0137||CD4.Prolif",
    "CV0234||CD4.Prolif",
    "CV0257||CD4.Prolif",
    "MH8919330||CD4.Prolif",
    "MH8919331||CD4.Prolif",
    "MH9143270||CD4.Prolif",
    "MH9143275||CD4.Prolif",
    "MH9143322||CD4.Prolif",
    "MH9143323||CD4.Prolif",
    "MH9143324||CD4.Prolif",
    "MH9143326||CD4.Prolif",
    "MH9143327||CD4.Prolif",
    "MH9143371||CD4.Prolif",
    "MH9143423||CD4.Prolif",
    "MH9143424||CD4.Prolif",
    "MH9143427||CD4.Prolif",
    "MH9179821||CD4.Prolif",
    "MH9179823||CD4.Prolif",
    "MH9179824||CD4.Prolif",
    "MH9179825||CD4.Prolif"
  ],
  "total_log": [
    32497.36328125,
    31029.17578125,
    11107.4853515625,
    29471.123046875,
    22809.40625,
    20211.2421875,
    18177.33984375,
    23011.068359375,
    30005.484375,
    26213.203125,
    31020.18359375,
    13703.3369140625,
    26416.642578125,
    29859.263671875,
    19948.92578125,
    24232.845703125,
    29304.626953125,
    30587.361328125,
    31144.064453125,
    27661.7890625,
    30968.5,
    32406.546875,
    26379.462890625,
    27596.626953125,
    25429.169921875,
    22801.84375,
    28733.24609375
  ],
  "total_raw": [
    160225.0,
    147439.0,
    16538.0,
    138728.0,
    35629.0,
    28802.0,
    22349.0,
    35978.0,
    194087.0,
    55563.0,
    302934.0,
    21565.0,
    77374.0,
    217862.0,
    23638.0,
    34512.0,
    97528.0,
    259756.0,
    298325.0,
    86571.0,
    323665.0,
    538390.0,
    77871.0,
    63333.0,
    48179.0,
    36867.0,
    141167.0
  ]
}